{
  "color-basic-100": "#1F2933",
  "color-basic-200": "#323F4B",
  "color-basic-300": "#3E4C59",
  "color-basic-400": "#52606D",
  "color-basic-500": "#616E7C",
  "color-basic-600": "#7B8794",
  "color-basic-700": "#A7B0BA",
  "color-basic-800": "#CBD2D9",
  "color-basic-900": "#E4E7EB",
  "color-basic-1000": "#F5F7FA",
  "color-basic-1100": "#FFFFFF",
  "color-primary-100": "#5784E8",
  "color-primary-200": "#5784E8",
  "color-primary-300": "#9cb7f1",
  "color-primary-400": "#bfd0f6",
  "color-primary-500": "#e1e9fb",
  "color-primary-600": "#5784E810",
  "color-secondary-100": "#6979F8",
  "color-secondary-200": "#8e9afa",
  "color-secondary-300": "#a1abfb",
  "color-secondary-400": "#c7cdfc",
  "color-secondary-500": "#eceefe",
  "color-success-100": "#00CD50",
  "color-danger-100": "#FF647C",
  "color-danger-200": "#ff788d",
  "color-danger-300": "#ff8b9d",
  "color-danger-400": "#ff9fae",
  "color-danger-500": "#ffc6cf",
  "color-radical-100": "#C06363",
  "color-radical-200": "#cb7f7f",
  "color-radical-300": "#d79b9b",
  "color-radical-400": "#dca9a9",
  "color-radical-500": "#e7c5c5",
  "color-light-100": "#FBF0EA",
  "color-corn-100": "#FFDE70",
  "color-emerald-100": "#E5CABF",
  "color-purple-100": "#CE8ABC"
}
