[
    {
      "url": "https://drive.google.com/uc?export=download&id=1AjPwylDJgR8DOnmJWeRgZzjsohi-7ekj",
      "title": "The world, your life",
      "artist": "June Cook",
      "artwork": "https://i.ibb.co/C2Cn5xc/image-book1.png",
      "duration": 143
    },
    {
      "url": "https://drive.google.com/uc?export=download&id=1VM9_umeyzJn0v1pRzR1BSm9y3IhZ3c0E",
      "title": "Soul Searching (Demo)",
      "artist": "David Chavez",
      "artwork": "https://i.ibb.co/C2Cn5xc/image-book1.png",
      "duration": 77
    },
    {
      "url": "https://drive.google.com/uc?export=download&id=1bmvPOy2IVbkUROgm0dqiZry_miiL4OqI",
      "title": "Lullaby (Demo)",
      "artist": "David Chavez",
      "artwork": "https://i.ibb.co/C2Cn5xc/image-book1.png",
      "duration": 71
    },
    {
      "url": "https://drive.google.com/uc?export=download&id=1V-c_WmanMA9i5BwfkmTs-605BQDsfyzC",
      "title": "Rhythm City (Demo)",
      "artist": "David Chavez",
      "artwork": "https://i.scdn.co/image/e5c7b168be89098eb686e02152aaee9d3a24e5b6",
      "duration": 106
    }
  ]